Timestamp,Email,Name,Business Line,Band,Domain,Quiz,Answer
2026-03-20 19:04:19.294212,user1@email.com,User One,Applicationn Operations,Band 5,We apply Science,What approaches would you use to generate a recommendation to client?,I will apply the same recommendation based on my own common sense; Will use assumptions and data from previous  experience; I will look for support or expand the analysis using hypotesis and validating them with current data
2026-03-20 19:04:19.294212,user1@email.com,User One,Applicationn Operations,Band 5,We apply Science,How do you encourage curiosity and open?minded thinking within your team?,"I focus my interest in learning, improvement, or understanding within my responsibilities.; I challenge the team to test ideas and their assumptions and let them propose new approaches; I focus on maintaining current efforts and avoid making hasty changes."
2026-03-20 19:04:19.294212,user1@email.com,User One,Applicationn Operations,Band 5,We apply Science,In what ways do you leverage data to drive clear communication that is aligned with team goals?,I regularly check if the data is sufficient to be analyzed and perform follow-up actions to ensure that the data is ready for fact-based conversation; I set up real-time shared folder to store any data and share them openly with team or client; I focus mainly on immediate tasks and am learning how to connect information across the team or projects.
2026-03-20 19:04:19.294212,user1@email.com,User One,Applicationn Operations,Band 5,We apply Science,In what ways you ensure your performance reflects meaningful outcomes instead of only busy work?,"I review success metrics with teams/clients regularly to fine-tune business outcomes and encourage feedback to improve further; I consult clear success metrics with my manager/team/client to get consensus and check how well the outcomes align with the goals; I measure outcomes, but I still give updates that focus more on what I did rather than what results I achieved."
2026-03-20 19:04:19.294212,user1@email.com,User One,Applicationn Operations,Band 5,We apply Science,How do you ensure that decisions are grounded in facts and shared openly with others?,"I uses appropriate evidence to inform decisions and effectively distinguishes between facts, assumptions, and opinions.; Spend a few moments thinking about potential challenges and how to avoid them; Encourages colleagues to use data to set the basic assumptions and test the hypothesis before making decisions."
2026-03-20 19:04:19.294212,user1@email.com,User One,Applicationn Operations,Band 5,Another Domain,What approaches would you use to generate a recommendation to client?,"Working with teams to use data-driven analysis, backing them with evidence and simulate  measurable outcomes; I will apply the same recommendation based on my own common sense; I will look for support or expand the analysis using hypotesis and validating them with current data"
2026-03-20 19:04:19.294212,user1@email.com,User One,Applicationn Operations,Band 5,Another Domain,How do you encourage curiosity and open?minded thinking within your team?,I implement recognition and correction for those who are willing to experiment with their work differently; I focus on maintaining current efforts and avoid making hasty changes.; I challenge the team to test ideas and their assumptions and let them propose new approaches
2026-03-20 19:04:19.294212,user1@email.com,User One,Applicationn Operations,Band 5,Another Domain,In what ways do you leverage data to drive clear communication that is aligned with team goals?,"I make sure everyone is bold on the data being collected, processed, and the expected outcome, even when the result is inconclusive; I set up real-time shared folder to store any data and share them openly with team or client; I focus mainly on immediate tasks and am learning how to connect information across the team or projects."
2026-03-20 19:04:19.294212,user1@email.com,User One,Applicationn Operations,Band 5,Another Domain,In what ways you ensure your performance reflects meaningful outcomes instead of only busy work?,"I implement recognition and correction for those who consistently demonstrate impactful outcomes; I review success metrics with teams/clients regularly to fine-tune business outcomes and encourage feedback to improve further; I measure outcomes, but I still give updates that focus more on what I did rather than what results I achieved."
2026-03-20 19:04:19.294212,user1@email.com,User One,Applicationn Operations,Band 5,Another Domain,How do you ensure that decisions are grounded in facts and shared openly with others?,"I share my own decision-making process openly, encourage others to challenge, own when wrong, and reward those who bring new insights; I uses appropriate evidence to inform decisions and effectively distinguishes between facts, assumptions, and opinions.; Spend a few moments thinking about potential challenges and how to avoid them"
